{
  "buffers": [
    {
      "alignment": 4,
      "batch": 0,
      "channel_first": true,
      "channel_last": true,
      "epochs": {
        "end": 1,
        "start": 0
      },
      "flags": "STAI_FLAG_WEIGHTS|STAI_FLAG_CONST|STAI_FLAG_PREALLOCATED",
      "format": "STAI_FORMAT_FLOAT",
      "id": 121,
      "intq": {},
      "is_param": true,
      "mpool_id": 1,
      "name": "gemm_0_bias_array",
      "nbits": 32,
      "offset_start": 64,
      "qmn": {},
      "shape": [
        8
      ],
      "shape_map": [
        "CH"
      ],
      "size_bytes": 32
    },
    {
      "alignment": 4,
      "batch": 0,
      "channel_first": true,
      "channel_last": true,
      "epochs": {
        "end": 6,
        "start": 3
      },
      "flags": "STAI_FLAG_PREALLOCATED|STAI_FLAG_ACTIVATIONS",
      "format": "STAI_FORMAT_FLOAT",
      "id": 104,
      "intq": {},
      "is_param": false,
      "mpool_id": 0,
      "name": "gemm_0_output_array",
      "nbits": 32,
      "offset_start": 16,
      "qmn": {},
      "shape": [
        8
      ],
      "shape_map": [
        "CH"
      ],
      "size_bytes": 32
    },
    {
      "alignment": 4,
      "batch": 0,
      "channel_first": true,
      "channel_last": true,
      "epochs": {
        "end": 1,
        "start": 0
      },
      "flags": "STAI_FLAG_WEIGHTS|STAI_FLAG_CONST|STAI_FLAG_PREALLOCATED",
      "format": "STAI_FORMAT_FLOAT",
      "id": 118,
      "intq": {},
      "is_param": true,
      "mpool_id": 1,
      "name": "gemm_0_weights_array",
      "nbits": 32,
      "offset_start": 0,
      "qmn": {},
      "shape": [
        8,
        2
      ],
      "shape_map": [
        "CH",
        "CH_IN"
      ],
      "size_bytes": 64
    },
    {
      "alignment": 4,
      "batch": 0,
      "channel_first": true,
      "channel_last": true,
      "epochs": {
        "end": 1,
        "start": 0
      },
      "flags": "STAI_FLAG_WEIGHTS|STAI_FLAG_CONST|STAI_FLAG_PREALLOCATED",
      "format": "STAI_FORMAT_FLOAT",
      "id": 127,
      "intq": {},
      "is_param": true,
      "mpool_id": 1,
      "name": "gemm_1_bias_array",
      "nbits": 32,
      "offset_start": 224,
      "qmn": {},
      "shape": [
        4
      ],
      "shape_map": [
        "CH"
      ],
      "size_bytes": 16
    },
    {
      "alignment": 4,
      "batch": 0,
      "channel_first": true,
      "channel_last": true,
      "epochs": {
        "end": 10,
        "start": 7
      },
      "flags": "STAI_FLAG_PREALLOCATED|STAI_FLAG_ACTIVATIONS",
      "format": "STAI_FORMAT_FLOAT",
      "id": 108,
      "intq": {},
      "is_param": false,
      "mpool_id": 0,
      "name": "gemm_1_output_array",
      "nbits": 32,
      "offset_start": 0,
      "qmn": {},
      "shape": [
        4
      ],
      "shape_map": [
        "CH"
      ],
      "size_bytes": 16
    },
    {
      "alignment": 4,
      "batch": 0,
      "channel_first": true,
      "channel_last": true,
      "epochs": {
        "end": 1,
        "start": 0
      },
      "flags": "STAI_FLAG_WEIGHTS|STAI_FLAG_CONST|STAI_FLAG_PREALLOCATED",
      "format": "STAI_FORMAT_FLOAT",
      "id": 124,
      "intq": {},
      "is_param": true,
      "mpool_id": 1,
      "name": "gemm_1_weights_array",
      "nbits": 32,
      "offset_start": 96,
      "qmn": {},
      "shape": [
        4,
        8
      ],
      "shape_map": [
        "CH",
        "CH_IN"
      ],
      "size_bytes": 128
    },
    {
      "alignment": 4,
      "batch": 0,
      "channel_first": true,
      "channel_last": true,
      "epochs": {
        "end": 1,
        "start": 0
      },
      "flags": "STAI_FLAG_WEIGHTS|STAI_FLAG_CONST|STAI_FLAG_PREALLOCATED",
      "format": "STAI_FORMAT_FLOAT",
      "id": 133,
      "intq": {},
      "is_param": true,
      "mpool_id": 1,
      "name": "gemm_2_bias_array",
      "nbits": 32,
      "offset_start": 368,
      "qmn": {},
      "shape": [
        8
      ],
      "shape_map": [
        "CH"
      ],
      "size_bytes": 32
    },
    {
      "alignment": 4,
      "batch": 0,
      "channel_first": true,
      "channel_last": true,
      "epochs": {
        "end": 14,
        "start": 11
      },
      "flags": "STAI_FLAG_PREALLOCATED|STAI_FLAG_ACTIVATIONS",
      "format": "STAI_FORMAT_FLOAT",
      "id": 112,
      "intq": {},
      "is_param": false,
      "mpool_id": 0,
      "name": "gemm_2_output_array",
      "nbits": 32,
      "offset_start": 0,
      "qmn": {},
      "shape": [
        8
      ],
      "shape_map": [
        "CH"
      ],
      "size_bytes": 32
    },
    {
      "alignment": 4,
      "batch": 0,
      "channel_first": true,
      "channel_last": true,
      "epochs": {
        "end": 1,
        "start": 0
      },
      "flags": "STAI_FLAG_WEIGHTS|STAI_FLAG_CONST|STAI_FLAG_PREALLOCATED",
      "format": "STAI_FORMAT_FLOAT",
      "id": 130,
      "intq": {},
      "is_param": true,
      "mpool_id": 1,
      "name": "gemm_2_weights_array",
      "nbits": 32,
      "offset_start": 240,
      "qmn": {},
      "shape": [
        8,
        4
      ],
      "shape_map": [
        "CH",
        "CH_IN"
      ],
      "size_bytes": 128
    },
    {
      "alignment": 4,
      "batch": 0,
      "channel_first": true,
      "channel_last": true,
      "epochs": {
        "end": 1,
        "start": 0
      },
      "flags": "STAI_FLAG_WEIGHTS|STAI_FLAG_CONST|STAI_FLAG_PREALLOCATED",
      "format": "STAI_FORMAT_FLOAT",
      "id": 139,
      "intq": {},
      "is_param": true,
      "mpool_id": 1,
      "name": "gemm_3_bias_array",
      "nbits": 32,
      "offset_start": 464,
      "qmn": {},
      "shape": [
        2
      ],
      "shape_map": [
        "CH"
      ],
      "size_bytes": 8
    },
    {
      "alignment": 4,
      "batch": 0,
      "channel_first": true,
      "channel_last": true,
      "epochs": {
        "end": 17,
        "start": 15
      },
      "flags": "STAI_FLAG_OUTPUTS|STAI_FLAG_PREALLOCATED|STAI_FLAG_ACTIVATIONS",
      "format": "STAI_FORMAT_FLOAT",
      "id": 116,
      "intq": {},
      "is_param": false,
      "mpool_id": 0,
      "name": "gemm_3_output_array",
      "nbits": 32,
      "offset_start": 32,
      "qmn": {},
      "shape": [
        2
      ],
      "shape_map": [
        "CH"
      ],
      "size_bytes": 8
    },
    {
      "alignment": 4,
      "batch": 0,
      "channel_first": true,
      "channel_last": true,
      "epochs": {
        "end": 1,
        "start": 0
      },
      "flags": "STAI_FLAG_WEIGHTS|STAI_FLAG_CONST|STAI_FLAG_PREALLOCATED",
      "format": "STAI_FORMAT_FLOAT",
      "id": 136,
      "intq": {},
      "is_param": true,
      "mpool_id": 1,
      "name": "gemm_3_weights_array",
      "nbits": 32,
      "offset_start": 400,
      "qmn": {},
      "shape": [
        2,
        8
      ],
      "shape_map": [
        "CH",
        "CH_IN"
      ],
      "size_bytes": 64
    },
    {
      "alignment": 4,
      "batch": 0,
      "channel_first": true,
      "channel_last": true,
      "epochs": {
        "end": 8,
        "start": 5
      },
      "flags": "STAI_FLAG_PREALLOCATED|STAI_FLAG_ACTIVATIONS",
      "format": "STAI_FORMAT_FLOAT",
      "id": 106,
      "intq": {},
      "is_param": false,
      "mpool_id": 0,
      "name": "nl_0_nl_output_array",
      "nbits": 32,
      "offset_start": 16,
      "qmn": {},
      "shape": [
        8
      ],
      "shape_map": [
        "CH"
      ],
      "size_bytes": 32
    },
    {
      "alignment": 4,
      "batch": 0,
      "channel_first": true,
      "channel_last": true,
      "epochs": {
        "end": 12,
        "start": 9
      },
      "flags": "STAI_FLAG_PREALLOCATED|STAI_FLAG_ACTIVATIONS",
      "format": "STAI_FORMAT_FLOAT",
      "id": 110,
      "intq": {},
      "is_param": false,
      "mpool_id": 0,
      "name": "nl_1_nl_output_array",
      "nbits": 32,
      "offset_start": 32,
      "qmn": {},
      "shape": [
        4
      ],
      "shape_map": [
        "CH"
      ],
      "size_bytes": 16
    },
    {
      "alignment": 4,
      "batch": 0,
      "channel_first": true,
      "channel_last": true,
      "epochs": {
        "end": 16,
        "start": 13
      },
      "flags": "STAI_FLAG_PREALLOCATED|STAI_FLAG_ACTIVATIONS",
      "format": "STAI_FORMAT_FLOAT",
      "id": 114,
      "intq": {},
      "is_param": false,
      "mpool_id": 0,
      "name": "nl_2_nl_output_array",
      "nbits": 32,
      "offset_start": 0,
      "qmn": {},
      "shape": [
        8
      ],
      "shape_map": [
        "CH"
      ],
      "size_bytes": 32
    },
    {
      "alignment": 4,
      "batch": 0,
      "channel_first": true,
      "channel_last": true,
      "epochs": {
        "end": 4,
        "start": 2
      },
      "flags": "STAI_FLAG_INPUTS|STAI_FLAG_PREALLOCATED|STAI_FLAG_ACTIVATIONS",
      "format": "STAI_FORMAT_FLOAT",
      "id": 102,
      "intq": {},
      "is_param": false,
      "mpool_id": 0,
      "name": "serving_default_keras_tensor0_output_array",
      "nbits": 32,
      "offset_start": 8,
      "qmn": {},
      "shape": [
        2
      ],
      "shape_map": [
        "CH"
      ],
      "size_bytes": 8
    }
  ],
  "environment": {
    "generated_model": {
      "generated_time": "2026-01-25T05:08:00+0530",
      "model_files": [
        {
          "name": "network_data_params.h",
          "signature": "0xbed12c3cedfb519b974b3d4cf0cfb177"
        },
        {
          "name": "network_data_params.c",
          "signature": "0xd40c3aa88ab029f888c636c1598d8d58"
        },
        {
          "name": "network_data.h",
          "signature": "0x68ac265977497220c44b925087d052cf"
        },
        {
          "name": "network_data.c",
          "signature": "0x01eb9c9293f67aa0269314eb7a9caa06"
        },
        {
          "name": "network_config.h",
          "signature": "0x8d74d1c6f33a1e18224d241a172fac8a"
        },
        {
          "name": "network.h",
          "signature": "0x6d49482c76961765ea8e9b54951cd07b"
        },
        {
          "name": "network.c",
          "signature": "0x6e5a3bf3c1354932ee40688ea966026a"
        }
      ],
      "name": "network"
    },
    "network_signature": "0x4622548e18a9e2f4",
    "test_name": "",
    "tools": [
      {
        "arguments": "generate --target stm32f4 --name network -m /home/desd/Downloads/autoencoder_anomaly.tflite --compression none --verbosity 1 --workspace /tmp/mxAI_workspace2985828599246414769817257139612275 --output /home/desd/.stm32cubemx/network_output",
        "environment": [
          "STATS_TYPE=X-CUBE-AI"
        ],
        "input_model": {
          "model_files": [
            {
              "name": "autoencoder_anomaly.tflite",
              "signature": "0xfb9b3df62d5c8d8038b0578de555c493"
            }
          ],
          "n_params": 118,
          "name": "autoencoder_anomaly",
          "size": 472,
          "type": "tflite"
        },
        "name": "ST.EdgeAI.Core",
        "version": "2.1.0-20194 329b0e98d"
      }
    ]
  },
  "graphs": [
    {
      "edges": [
        {
          "buffer": 104,
          "edge_kind": "EDGE_MEMORY",
          "end": {
            "node_id": 10,
            "port": 0
          },
          "id": 0,
          "name": "n9-p0_n10-p0",
          "start": {
            "node_id": 9,
            "port": 0
          }
        },
        {
          "buffer": 106,
          "edge_kind": "EDGE_MEMORY",
          "end": {
            "node_id": 11,
            "port": 0
          },
          "id": 1,
          "name": "n10-p0_n11-p0",
          "start": {
            "node_id": 10,
            "port": 0
          }
        },
        {
          "buffer": 108,
          "edge_kind": "EDGE_MEMORY",
          "end": {
            "node_id": 12,
            "port": 0
          },
          "id": 2,
          "name": "n11-p0_n12-p0",
          "start": {
            "node_id": 11,
            "port": 0
          }
        },
        {
          "buffer": 110,
          "edge_kind": "EDGE_MEMORY",
          "end": {
            "node_id": 13,
            "port": 0
          },
          "id": 3,
          "name": "n12-p0_n13-p0",
          "start": {
            "node_id": 12,
            "port": 0
          }
        },
        {
          "buffer": 112,
          "edge_kind": "EDGE_MEMORY",
          "end": {
            "node_id": 14,
            "port": 0
          },
          "id": 4,
          "name": "n13-p0_n14-p0",
          "start": {
            "node_id": 13,
            "port": 0
          }
        },
        {
          "buffer": 114,
          "edge_kind": "EDGE_MEMORY",
          "end": {
            "node_id": 15,
            "port": 0
          },
          "id": 5,
          "name": "n14-p0_n15-p0",
          "start": {
            "node_id": 14,
            "port": 0
          }
        }
      ],
      "id": 0,
      "inputs": [
        102
      ],
      "name": "autoencoder_anomaly",
      "nodes": [
        {
          "attributes": {
            "num_units": "8",
            "use_bias": "True"
          },
          "description": "Dense",
          "id": 9,
          "inputs": [
            102,
            118,
            121
          ],
          "macc": 24,
          "mapping": "NODE_SW",
          "name": "gemm_0",
          "original_nodes": [
            "0"
          ],
          "outputs": [
            104
          ],
          "scratchs": [],
          "subgraph_nodes": [],
          "sw_functions": [
            "forward_dense"
          ]
        },
        {
          "attributes": {
            "nonlinearity": "relu"
          },
          "description": "Nonlinearity",
          "id": 10,
          "inputs": [
            104
          ],
          "macc": 8,
          "mapping": "NODE_SW",
          "name": "nl_0_nl",
          "original_nodes": [
            "0"
          ],
          "outputs": [
            106
          ],
          "scratchs": [],
          "subgraph_nodes": [],
          "sw_functions": [
            "forward_relu"
          ]
        },
        {
          "attributes": {
            "num_units": "4",
            "use_bias": "True"
          },
          "description": "Dense",
          "id": 11,
          "inputs": [
            106,
            124,
            127
          ],
          "macc": 36,
          "mapping": "NODE_SW",
          "name": "gemm_1",
          "original_nodes": [
            "1"
          ],
          "outputs": [
            108
          ],
          "scratchs": [],
          "subgraph_nodes": [],
          "sw_functions": [
            "forward_dense"
          ]
        },
        {
          "attributes": {
            "nonlinearity": "relu"
          },
          "description": "Nonlinearity",
          "id": 12,
          "inputs": [
            108
          ],
          "macc": 4,
          "mapping": "NODE_SW",
          "name": "nl_1_nl",
          "original_nodes": [
            "1"
          ],
          "outputs": [
            110
          ],
          "scratchs": [],
          "subgraph_nodes": [],
          "sw_functions": [
            "forward_relu"
          ]
        },
        {
          "attributes": {
            "num_units": "8",
            "use_bias": "True"
          },
          "description": "Dense",
          "id": 13,
          "inputs": [
            110,
            130,
            133
          ],
          "macc": 40,
          "mapping": "NODE_SW",
          "name": "gemm_2",
          "original_nodes": [
            "2"
          ],
          "outputs": [
            112
          ],
          "scratchs": [],
          "subgraph_nodes": [],
          "sw_functions": [
            "forward_dense"
          ]
        },
        {
          "attributes": {
            "nonlinearity": "relu"
          },
          "description": "Nonlinearity",
          "id": 14,
          "inputs": [
            112
          ],
          "macc": 8,
          "mapping": "NODE_SW",
          "name": "nl_2_nl",
          "original_nodes": [
            "2"
          ],
          "outputs": [
            114
          ],
          "scratchs": [],
          "subgraph_nodes": [],
          "sw_functions": [
            "forward_relu"
          ]
        },
        {
          "attributes": {
            "num_units": "2",
            "use_bias": "True"
          },
          "description": "Dense",
          "id": 15,
          "inputs": [
            114,
            136,
            139
          ],
          "macc": 18,
          "mapping": "NODE_SW",
          "name": "gemm_3",
          "original_nodes": [
            "3"
          ],
          "outputs": [
            116
          ],
          "scratchs": [],
          "subgraph_nodes": [],
          "sw_functions": [
            "forward_dense"
          ]
        }
      ],
      "original_inputs": [
        {
          "c_shape_map": [],
          "data_format": {
            "quantizer": "NONE",
            "scale": [],
            "size": 32,
            "type": "FLOAT",
            "zero": []
          },
          "name": "serving_default_keras_tensor0",
          "shape": [
            1,
            2
          ],
          "shape_map": [
            "BATCH",
            "CH"
          ]
        }
      ],
      "original_outputs": [
        {
          "c_shape_map": [],
          "data_format": {
            "quantizer": "NONE",
            "scale": [],
            "size": 32,
            "type": "FLOAT",
            "zero": []
          },
          "name": "gemm_3",
          "shape": [
            1,
            2
          ],
          "shape_map": [
            "BATCH",
            "CH"
          ]
        }
      ],
      "outputs": [
        116
      ]
    }
  ],
  "json_schema_version": "2.0",
  "memory_footprint": {
    "activations": 48,
    "io": [
      0,
      0
    ],
    "kernel_flash": 9328,
    "kernel_ram": 2308,
    "series": "stm32f4",
    "toolchain": "arm-none-eabi-gcc (15:9-2019-q4-0ubuntu1) 9.2.1 20191025 (release) [ARM/arm-9-branch revision 277599]",
    "toolchain_flash": 0,
    "toolchain_ram": 0,
    "weights": 472
  },
  "memory_pools": [
    {
      "address": "NULL",
      "alignment": 4,
      "attributes": {
        "latency": "HIGH",
        "score": 768,
        "throughput": "LOW"
      },
      "buffers": [
        102,
        104,
        106,
        108,
        110,
        112,
        114,
        116
      ],
      "id": 0,
      "name": "heap_overlay_pool",
      "offset_start": 0,
      "persistent": false,
      "rights": "ACC_WRITE",
      "size_bytes": -1,
      "subpools": [],
      "used_size_bytes": 48,
      "user_allocated": false,
      "virtual": false
    },
    {
      "address": "s_network_weights_array_u64",
      "alignment": 0,
      "attributes": {
        "latency": "UNDEF",
        "score": 0,
        "throughput": "UNDEF"
      },
      "buffers": [
        118,
        121,
        124,
        127,
        130,
        133,
        136,
        139
      ],
      "id": 1,
      "name": "weights_array",
      "offset_start": 0,
      "persistent": true,
      "rights": "ACC_READ",
      "size_bytes": -1,
      "subpools": [],
      "used_size_bytes": 472,
      "user_allocated": false,
      "virtual": false
    }
  ]
}